id,payload
0,"task_id,warehouse_id,lat,lon
1,1,55.695719,37.810863
1,2,55.733089,37.633934
1,3,55.620227,37.616792
1,4,55.6,37.759459
1,5,55.6,37.667504
1,6,55.674938,37.771335
2,1,55.668198,37.662417
2,2,55.656486,37.549098
2,3,55.6,37.639103
2,4,55.6,37.534006
2,5,55.699059,37.655758
3,1,55.748718,37.408937
3,2,55.876599,37.427355
3,3,55.718983,37.372813
3,4,55.779002,37.544263
3,5,55.728233,37.356409
4,1,55.60365,37.9
4,2,55.630676,37.700666
4,3,55.767949,37.65725
4,4,55.757839,37.699806
4,5,55.6,37.731596
4,6,55.6,37.854717
5,1,55.852419,37.568872
5,2,55.861368,37.363959
5,3,55.95,37.509724
5,4,55.755605,37.485315
6,1,55.709153,37.712279
6,2,55.6,37.9
6,3,55.710757,37.9
6,4,55.641085,37.725585
6,5,55.60158,37.768185
6,6,55.801212,37.815995
7,1,55.908901,37.707882
7,2,55.876933,37.596712
7,3,55.765919,37.803717
7,4,55.78855,37.804305
7,5,55.766619,37.588614
8,1,55.801727,37.460347
8,2,55.875471,37.559955
8,3,55.706926,37.691288
8,4,55.656628,37.664519
9,1,55.664392,37.538487
9,2,55.719203,37.448301
9,3,55.824693,37.39382
9,4,55.789543,37.393935
9,5,55.779074,37.535838
9,6,55.703215,37.601868
10,1,55.770317,37.631419
10,2,55.933944,37.673658
10,3,55.95,37.784638
10,4,55.779137,37.69998

code,approx_speed_kmh,max_payload_kg,fixed_fee,per_km_fee,per_order_fee,per_kg_min_fee
foot,5.0,8.0,0.0,25.0,70.0,0.9
bike,15.0,15.0,40.0,20.0,90.0,0.3
car,40.0,50.0,180.0,45.0,130.0,0.06

task_id,order_id,warehouse_id,order_lat,order_lon,pickup_ready_at,created_at,delivery_deadline_at,total_mass_kg
1,1,1,55.692164,37.7909,2026-06-07T12:29:23.183151+03:00,2026-06-07T12:21:02.370289+03:00,2026-06-07T12:51:02.370289+03:00,1.7
1,2,1,55.690302,37.790871,2026-06-07T12:19:37.688511+03:00,2026-06-07T12:11:13.782386+03:00,2026-06-07T12:41:13.782386+03:00,1.27
1,3,1,55.687314,37.798171,2026-06-07T12:16:04.143922+03:00,2026-06-07T12:13:09.560150+03:00,2026-06-07T12:43:09.560150+03:00,0.83
1,4,1,55.692879,37.777097,2026-06-07T12:22:42.073966+03:00,2026-06-07T12:21:50.065835+03:00,2026-06-07T12:51:50.065835+03:00,2.7
1,5,1,55.704724,37.845553,2026-06-07T12:15:32.381994+03:00,2026-06-07T12:13:25.471524+03:00,2026-06-07T12:43:25.471524+03:00,1.02
1,6,1,55.707007,37.835439,2026-06-07T12:32:11.209065+03:00,2026-06-07T12:22:46.699369+03:00,2026-06-07T12:52:46.699369+03:00,7.0
1,7,1,55.687328,37.80667,2026-06-07T12:22:18.051088+03:00,2026-06-07T12:20:30.699384+03:00,2026-06-07T12:50:30.699384+03:00,3.16
1,8,1,55.707631,37.829026,2026-06-07T12:19:02.318555+03:00,2026-06-07T12:18:15.192899+03:00,2026-06-07T12:48:15.192899+03:00,5.26
1,9,2,55.709527,37.623085,2026-06-07T12:29:52.970858+03:00,2026-06-07T12:22:50.571016+03:00,2026-06-07T12:52:50.571016+03:00,4.68
1,10,2,55.746012,37.664791,2026-06-07T12:22:09.571647+03:00,2026-06-07T12:19:38.399920+03:00,2026-06-07T12:49:38.399920+03:00,0.74
1,11,2,55.720171,37.613031,2026-06-07T12:21:32.204970+03:00,2026-06-07T12:11:09.884559+03:00,2026-06-07T12:41:09.884559+03:00,7.07
1,12,2,55.720116,37.647924,2026-06-07T12:23:59.670120+03:00,2026-06-07T12:13:56.068711+03:00,2026-06-07T12:43:56.068711+03:00,3.94
1,13,2,55.716631,37.611131,2026-06-07T12:19:18.640783+03:00,2026-06-07T12:16:25.231321+03:00,2026-06-07T12:46:25.231321+03:00,4.88
1,14,2,55.760937,37.62488,2026-06-07T12:22:15.763503+03:00,2026-06-07T12:11:17.388683+03:00,2026-06-07T12:41:17.388683+03:00,4.32
1,15,2,55.704453,37.593175,2026-06-07T12:16:32.798605+03:00,2026-06-07T12:09:38.684217+03:00,2026-06-07T12:39:38.684217+03:00,6.44
1,16,2,55.72764,37.594652,2026-06-07T12:24:40.897469+03:00,2026-06-07T12:13:43.457358+03:00,2026-06-07T12:43:43.457358+03:00,4.47
1,17,3,55.632847,37.582102,2026-06-07T12:29:31.888953+03:00,2026-06-07T12:21:16.309605+03:00,2026-06-07T12:51:16.309605+03:00,6.26
1,18,3,55.609039,37.598207,2026-06-07T12:10:24.483888+03:00,2026-06-07T12:10:22.341979+03:00,2026-06-07T12:40:22.341979+03:00,5.92
1,19,3,55.635605,37.659262,2026-06-07T12:25:00.835884+03:00,2026-06-07T12:19:25.765979+03:00,2026-06-07T12:49:25.765979+03:00,1.3
1,20,3,55.628998,37.647542,2026-06-07T12:17:48.177921+03:00,2026-06-07T12:15:36.896594+03:00,2026-06-07T12:45:36.896594+03:00,3.3
1,21,3,55.596536,37.657607,2026-06-07T12:31:56.396379+03:00,2026-06-07T12:21:50.190673+03:00,2026-06-07T12:51:50.190673+03:00,4.99
1,22,3,55.61943,37.58186,2026-06-07T12:24:16.994800+03:00,2026-06-07T12:13:26.682690+03:00,2026-06-07T12:43:26.682690+03:00,6.55
1,23,3,55.601989,37.59347,2026-06-07T12:17:22.600901+03:00,2026-06-07T12:16:30.621249+03:00,2026-06-07T12:46:30.621249+03:00,5.99
1,24,4,55.633459,37.762403,2026-06-07T12:17:08.620003+03:00,2026-06-07T12:09:53.184460+03:00,2026-06-07T12:39:53.184460+03:00,7.6
1,25,4,55.576559,37.76195,2026-06-07T12:27:42.414044+03:00,2026-06-07T12:17:05.934526+03:00,2026-06-07T12:47:05.934526+03:00,7.47
1,26,4,55.617869,37.776547,2026-06-07T12:23:04.988994+03:00,2026-06-07T12:18:41.654076+03:00,2026-06-07T12:48:41.654076+03:00,5.54
1,27,4,55.591139,37.795425,2026-06-07T12:17:29.955232+03:00,2026-06-07T12:14:46.337527+03:00,2026-06-07T12:44:46.337527+03:00,0.98
1,28,4,55.566472,37.764312,2026-06-07T12:16:54.342057+03:00,2026-06-07T12:16:49.596103+03:00,2026-06-07T12:46:49.596103+03:00,5.81
1,29,4,55.569121,37.720525,2026-06-07T12:12:06.354465+03:00,2026-06-07T12:08:28.271662+03:00,2026-06-07T12:38:28.271662+03:00,4.36
1,30,4,55.584493,37.758147,2026-06-07T12:24:02.723231+03:00,2026-06-07T12:16:05.310538+03:00,2026-06-07T12:46:05.310538+03:00,7.12
1,31,5,55.58201,37.665072,2026-06-07T12:15:08.608991+03:00,2026-06-07T12:14:06.353965+03:00,2026-06-07T12:44:06.353965+03:00,5.44
1,32,5,55.589801,37.659503,2026-06-07T12:21:33.206058+03:00,2026-06-07T12:20:57.453074+03:00,2026-06-07T12:50:57.453074+03:00,5.4
1,33,5,55.610233,37.627959,2026-06-07T12:27:43.783287+03:00,2026-06-07T12:18:55.392230+03:00,2026-06-07T12:48:55.392230+03:00,1.32
1,34,5,55.578411,37.67077,2026-06-07T12:12:07.266171+03:00,2026-06-07T12:10:06.164067+03:00,2026-06-07T12:40:06.164067+03:00,3.97
1,35,5,55.626214,37.629289,2026-06-07T12:29:32.158169+03:00,2026-06-07T12:20:07.220020+03:00,2026-06-07T12:50:07.220020+03:00,1.23
1,36,5,55.61065,37.671157,2026-06-07T12:09:14.835503+03:00,2026-06-07T12:08:13.282071+03:00,2026-06-07T12:38:13.282071+03:00,6.15
1,37,5,55.581547,37.659081,2026-06-07T12:24:43.891836+03:00,2026-06-07T12:15:13.222576+03:00,2026-06-07T12:45:13.222576+03:00,7.27
1,38,5,55.576525,37.622698,2026-06-07T12:24:02.881511+03:00,2026-06-07T12:13:51.379582+03:00,2026-06-07T12:43:51.379582+03:00,6.39
1,39,5,55.584967,37.685197,2026-06-07T12:27:34.473395+03:00,2026-06-07T12:18:57.454786+03:00,2026-06-07T12:48:57.454786+03:00,5.46
1,40,5,55.599067,37.639595,2026-06-07T12:11:54.529782+03:00,2026-06-07T12:11:15.930809+03:00,2026-06-07T12:41:15.930809+03:00,6.02
1,41,6,55.692296,37.73148,2026-06-07T12:22:17.641088+03:00,2026-06-07T12:16:45.759835+03:00,2026-06-07T12:46:45.759835+03:00,6.9
1,42,6,55.650958,37.812805,2026-06-07T12:11:14.744793+03:00,2026-06-07T12:09:12.100319+03:00,2026-06-07T12:39:12.100319+03:00,4.96
1,43,6,55.687203,37.747504,2026-06-07T12:19:35.487580+03:00,2026-06-07T12:09:47.897953+03:00,2026-06-07T12:39:47.897953+03:00,2.35
1,44,6,55.681554,37.78208,2026-06-07T12:20:42.526135+03:00,2026-06-07T12:14:17.302424+03:00,2026-06-07T12:44:17.302424+03:00,4.42
1,45,6,55.705368,37.744719,2026-06-07T12:21:22.105350+03:00,2026-06-07T12:18:44.572621+03:00,2026-06-07T12:48:44.572621+03:00,3.47
1,46,6,55.686956,37.753335,2026-06-07T12:21:00.790042+03:00,2026-06-07T12:12:44.559477+03:00,2026-06-07T12:42:44.559477+03:00,1.04
1,47,6,55.672018,37.816196,2026-06-07T12:23:44.838879+03:00,2026-06-07T12:22:56.486803+03:00,2026-06-07T12:52:56.486803+03:00,2.1
2,1,1,55.668697,37.677437,2026-06-10T17:55:33.722167+03:00,2026-06-10T17:47:53.564614+03:00,2026-06-10T18:17:53.564614+03:00,4.66
2,2,1,55.646627,37.67726,2026-06-10T17:56:54.999559+03:00,2026-06-10T17:48:41.230749+03:00,2026-06-10T18:18:41.230749+03:00,1.81
2,3,1,55.673036,37.653963,2026-06-10T17:58:50.910119+03:00,2026-06-10T17:55:30.352652+03:00,2026-06-10T18:25:30.352652+03:00,2.08
2,4,1,55.688202,37.672016,2026-06-10T17:52:41.603078+03:00,2026-06-10T17:47:50.024307+03:00,2026-06-10T18:17:50.024307+03:00,5.57
2,5,1,55.668981,37.688853,2026-06-10T18:05:29.583357+03:00,2026-06-10T17:57:23.848803+03:00,2026-06-10T18:27:23.848803+03:00,5.44
2,6,1,55.653064,37.677164,2026-06-10T17:53:18.970277+03:00,2026-06-10T17:52:17.334725+03:00,2026-06-10T18:22:17.334725+03:00,7.64
2,7,1,55.649639,37.645354,2026-06-10T17:56:43.160220+03:00,2026-06-10T17:55:05.906605+03:00,2026-06-10T18:25:05.906605+03:00,0.85
2,8,1,55.702074,37.672431,2026-06-10T17:59:32.215076+03:00,2026-06-10T17:54:31.640405+03:00,2026-06-10T18:24:31.640405+03:00,7.15
2,9,1,55.673495,37.682068,2026-06-10T17:53:09.351510+03:00,2026-06-10T17:48:45.580621+03:00,2026-06-10T18:18:45.580621+03:00,1.61
2,10,2,55.683972,37.581538,2026-06-10T18:04:50.676153+03:00,2026-06-10T17:56:16.918685+03:00,2026-06-10T18:26:16.918685+03:00,2.14
2,11,2,55.677774,37.56673,2026-06-10T17:56:05.982720+03:00,2026-06-10T17:49:58.094896+03:00,2026-06-10T18:19:58.094896+03:00,7.38
2,12,2,55.629981,37.516099,2026-06-10T17:55:48.725959+03:00,2026-06-10T17:49:58.178914+03:00,2026-06-10T18:19:58.178914+03:00,4.69
2,13,2,55.643697,37.572071,2026-06-10T17:58:36.220378+03:00,2026-06-10T17:49:38.316083+03:00,2026-06-10T18:19:38.316083+03:00,7.19
2,14,2,55.651358,37.585715,2026-06-10T17:51:26.366470+03:00,2026-06-10T17:49:41.322251+03:00,2026-06-10T18:19:41.322251+03:00,6.96
2,15,2,55.652991,37.571758,2026-06-10T17:58:38.902092+03:00,2026-06-10T17:55:35.876599+03:00,2026-06-10T18:25:35.876599+03:00,6.33
2,16,2,55.655408,37.52563,2026-06-10T17:57:26.824943+03:00,2026-06-10T17:49:35.885334+03:00,2026-06-10T18:19:35.885334+03:00,2.26
2,17,3,55.58738,37.642717,2026-06-10T17:47:37.169232+03:00,2026-06-10T17:45:04.536655+03:00,2026-06-10T18:15:04.536655+03:00,5.7
2,18,3,55.614449,37.599884,2026-06-10T17:55:04.962786+03:00,2026-06-10T17:49:06.839433+03:00,2026-06-10T18:19:06.839433+03:00,3.62
2,19,3,55.579478,37.631916,2026-06-10T18:02:59.847044+03:00,2026-06-10T17:56:34.354631+03:00,2026-06-10T18:26:34.354631+03:00,5.72
2,20,3,55.624971,37.663006,2026-06-10T17:48:46.234341+03:00,2026-06-10T17:48:42.342926+03:00,2026-06-10T18:18:42.342926+03:00,3.14
2,21,3,55.617743,37.670913,2026-06-10T18:01:54.641352+03:00,2026-06-10T17:57:18.087305+03:00,2026-06-10T18:27:18.087305+03:00,6.11
2,22,3,55.603229,37.648396,2026-06-10T17:48:43.303104+03:00,2026-06-10T17:46:18.484825+03:00,2026-06-10T18:16:18.484825+03:00,3.77
2,23,3,55.567032,37.624355,2026-06-10T17:57:38.076699+03:00,2026-06-10T17:53:11.227697+03:00,2026-06-10T18:23:11.227697+03:00,1.74
2,24,3,55.597717,37.605589,2026-06-10T17:52:37.829123+03:00,2026-06-10T17:52:20.031265+03:00,2026-06-10T18:22:20.031265+03:00,3.46
2,25,3,55.604507,37.596542,2026-06-10T17:54:08.036345+03:00,2026-06-10T17:52:38.474683+03:00,2026-06-10T18:22:38.474683+03:00,3.96
2,26,4,55.583211,37.518468,2026-06-10T17:53:31.979755+03:00,2026-06-10T17:49:49.229393+03:00,2026-06-10T18:19:49.229393+03:00,7.1
2,27,4,55.584478,37.574615,2026-06-10T17:58:30.449548+03:00,2026-06-10T17:49:19.408344+03:00,2026-06-10T18:19:19.408344+03:00,4.03
2,28,4,55.617432,37.493694,2026-06-10T17:59:44.714352+03:00,2026-06-10T17:57:16.727723+03:00,2026-06-10T18:27:16.727723+03:00,1.01
2,29,4,55.63201,37.49263,2026-06-10T17:46:11.133979+03:00,2026-06-10T17:43:27.926999+03:00,2026-06-10T18:13:27.926999+03:00,6.79
2,30,4,55.608493,37.510475,2026-06-10T17:51:21.701989+03:00,2026-06-10T17:50:06.204955+03:00,2026-06-10T18:20:06.204955+03:00,7.61
2,31,4,55.597552,37.512068,2026-06-10T17:55:11.894834+03:00,2026-06-10T17:48:32.005657+03:00,2026-06-10T18:18:32.005657+03:00,7.73
2,32,4,55.615285,37.559008,2026-06-10T17:48:52.674916+03:00,2026-06-10T17:45:27.389229+03:00,2026-06-10T18:15:27.389229+03:00,4.84
2,33,5,55.704365,37.69248,2026-06-10T17:58:59.146858+03:00,2026-06-10T17:48:37.776263+03:00,2026-06-10T18:18:37.776263+03:00,1.99
2,34,5,55.705506,37.685509,2026-06-10T17:54:18.711824+03:00,2026-06-10T17:46:38.564442+03:00,2026-06-10T18:16:38.564442+03:00,2.76
2,35,5,55.711957,37.683255,2026-06-10T18:01:10.119982+03:00,2026-06-10T17:54:56.604495+03:00,2026-06-10T18:24:56.604495+03:00,0.81
2,36,5,55.701351,37.670295,2026-06-10T17:51:09.439611+03:00,2026-06-10T17:44:02.061063+03:00,2026-06-10T18:14:02.061063+03:00,0.59
2,37,5,55.693463,37.654876,2026-06-10T17:53:29.215166+03:00,2026-06-10T17:49:30.171061+03:00,2026-06-10T18:19:30.171061+03:00,7.19
2,38,5,55.696241,37.624527,2026-06-10T17:51:22.876118+03:00,2026-06-10T17:45:38.523265+03:00,2026-06-10T18:15:38.523265+03:00,5.38
2,39,5,55.707173,37.693524,2026-06-10T17:59:43.993994+03:00,2026-06-10T17:54:37.177305+03:00,2026-06-10T18:24:37.177305+03:00,6.69
2,40,5,55.705532,37.639765,2026-06-10T17:56:57.796092+03:00,2026-06-10T17:46:40.945652+03:00,2026-06-10T18:16:40.945652+03:00,2.59
2,41,5,55.695615,37.678301,2026-06-10T17:58:53.869070+03:00,2026-06-10T17:51:32.864680+03:00,2026-06-10T18:21:32.864680+03:00,3.02
3,1,1,55.768866,37.420192,2026-06-07T17:24:11.285922+03:00,2026-06-07T17:13:55.064739+03:00,2026-06-07T17:43:55.064739+03:00,3.69
3,2,1,55.751837,37.422224,2026-06-07T17:26:43.146866+03:00,2026-06-07T17:17:37.570301+03:00,2026-06-07T17:47:37.570301+03:00,1.04
3,3,1,55.725332,37.391622,2026-06-07T17:21:29.738603+03:00,2026-06-07T17:15:14.061950+03:00,2026-06-07T17:45:14.061950+03:00,2.66
3,4,1,55.722422,37.425918,2026-06-07T17:24:51.926635+03:00,2026-06-07T17:14:29.760316+03:00,2026-06-07T17:44:29.760316+03:00,4.25
3,5,1,55.748283,37.371176,2026-06-07T17:09:21.013624+03:00,2026-06-07T17:04:35.874706+03:00,2026-06-07T17:34:35.874706+03:00,2.92
3,6,1,55.731243,37.372156,2026-06-07T17:27:37.452677+03:00,2026-06-07T17:18:25.719992+03:00,2026-06-07T17:48:25.719992+03:00,4.81
3,7,1,55.780273,37.453898,2026-06-07T17:17:02.930703+03:00,2026-06-07T17:14:05.053426+03:00,2026-06-07T17:44:05.053426+03:00,0.8
3,8,1,55.766656,37.406282,2026-06-07T17:23:50.966580+03:00,2026-06-07T17:13:46.358540+03:00,2026-06-07T17:43:46.358540+03:00,1.86
3,9,1,55.754691,37.421067,2026-06-07T17:12:22.773210+03:00,2026-06-07T17:11:22.553222+03:00,2026-06-07T17:41:22.553222+03:00,3.11
3,10,2,55.864073,37.391769,2026-06-07T17:10:56.428126+03:00,2026-06-07T17:06:24.742367+03:00,2026-06-07T17:36:24.742367+03:00,4.22
3,11,2,55.88798,37.418396,2026-06-07T17:15:48.669901+03:00,2026-06-07T17:15:24.449795+03:00,2026-06-07T17:45:24.449795+03:00,1.16
3,12,2,55.859267,37.392788,2026-06-07T17:25:06.134118+03:00,2026-06-07T17:15:35.293133+03:00,2026-06-07T17:45:35.293133+03:00,6.69
3,13,2,55.841679,37.460598,2026-06-07T17:11:31.553406+03:00,2026-06-07T17:10:55.778710+03:00,2026-06-07T17:40:55.778710+03:00,4.39
3,14,2,55.885183,37.42722,2026-06-07T17:11:11.900632+03:00,2026-06-07T17:10:37.836860+03:00,2026-06-07T17:40:37.836860+03:00,2.5
3,15,2,55.85077,37.408278,2026-06-07T17:22:32.671742+03:00,2026-06-07T17:17:12.761956+03:00,2026-06-07T17:47:12.761956+03:00,0.72
3,16,2,55.8857,37.454293,2026-06-07T17:18:03.899634+03:00,2026-06-07T17:14:38.804543+03:00,2026-06-07T17:44:38.804543+03:00,0.6
3,17,2,55.870158,37.402578,2026-06-07T17:17:52.149451+03:00,2026-06-07T17:16:37.265113+03:00,2026-06-07T17:46:37.265113+03:00,7.6
3,18,2,55.886939,37.396213,2026-06-07T17:21:12.016384+03:00,2026-06-07T17:17:59.387754+03:00,2026-06-07T17:47:59.387754+03:00,5.79
3,19,3,55.742414,37.416035,2026-06-07T17:13:43.192766+03:00,2026-06-07T17:07:39.357815+03:00,2026-06-07T17:37:39.357815+03:00,3.38
3,20,3,55.748514,37.373555,2026-06-07T17:26:41.651407+03:00,2026-06-07T17:17:11.393630+03:00,2026-06-07T17:47:11.393630+03:00,2.57
3,21,3,55.739284,37.365158,2026-06-07T17:23:35.930420+03:00,2026-06-07T17:18:00.823554+03:00,2026-06-07T17:48:00.823554+03:00,6.65
3,22,3,55.703782,37.354683,2026-06-07T17:23:47.519490+03:00,2026-06-07T17:12:48.243950+03:00,2026-06-07T17:42:48.243950+03:00,4.17
3,23,3,55.694385,37.376285,2026-06-07T17:15:14.877043+03:00,2026-06-07T17:09:10.611548+03:00,2026-06-07T17:39:10.611548+03:00,4.58
3,24,3,55.715858,37.356773,2026-06-07T17:14:30.136098+03:00,2026-06-07T17:06:49.787136+03:00,2026-06-07T17:36:49.787136+03:00,4.79
3,25,3,55.700333,37.397612,2026-06-07T17:12:50.787969+03:00,2026-06-07T17:04:39.282569+03:00,2026-06-07T17:34:39.282569+03:00,5.79
3,26,3,55.740782,37.36256,2026-06-07T17:22:59.013331+03:00,2026-06-07T17:13:57.319947+03:00,2026-06-07T17:43:57.319947+03:00,7.86
3,27,3,55.718656,37.331145,2026-06-07T17:18:01.581118+03:00,2026-06-07T17:11:32.062035+03:00,2026-06-07T17:41:32.062035+03:00,7.02
3,28,3,55.745177,37.36744,2026-06-07T17:16:54.928507+03:00,2026-06-07T17:11:53.355978+03:00,2026-06-07T17:41:53.355978+03:00,5.92
3,29,4,55.804968,37.58656,2026-06-07T17:13:43.152115+03:00,2026-06-07T17:05:07.345423+03:00,2026-06-07T17:35:07.345423+03:00,2.49
3,30,4,55.78763,37.535037,2026-06-07T17:08:49.137078+03:00,2026-06-07T17:05:12.283789+03:00,2026-06-07T17:35:12.283789+03:00,5.56
3,31,4,55.781356,37.585136,2026-06-07T17:23:09.828792+03:00,2026-06-07T17:13:24.119261+03:00,2026-06-07T17:43:24.119261+03:00,4.16
3,32,4,55.781873,37.554835,2026-06-07T17:15:02.996938+03:00,2026-06-07T17:07:31.293219+03:00,2026-06-07T17:37:31.293219+03:00,2.66
3,33,4,55.759926,37.507398,2026-06-07T17:27:02.347952+03:00,2026-06-07T17:18:40.503955+03:00,2026-06-07T17:48:40.503955+03:00,5.78
3,34,4,55.751038,37.514236,2026-06-07T17:08:48.624657+03:00,2026-06-07T17:08:29.519472+03:00,2026-06-07T17:38:29.519472+03:00,2.93
3,35,4,55.747931,37.531525,2026-06-07T17:13:08.788414+03:00,2026-06-07T17:10:27.618109+03:00,2026-06-07T17:40:27.618109+03:00,3.59
3,36,4,55.791728,37.515469,2026-06-07T17:13:19.826999+03:00,2026-06-07T17:06:37.562420+03:00,2026-06-07T17:36:37.562420+03:00,3.37
3,37,4,55.791822,37.544053,2026-06-07T17:15:18.085791+03:00,2026-06-07T17:12:44.841418+03:00,2026-06-07T17:42:44.841418+03:00,5.28
3,38,4,55.776172,37.559279,2026-06-07T17:22:36.084828+03:00,2026-06-07T17:17:29.017679+03:00,2026-06-07T17:47:29.017679+03:00,2.66
3,39,5,55.698403,37.39648,2026-06-07T17:22:06.328330+03:00,2026-06-07T17:18:48.886526+03:00,2026-06-07T17:48:48.886526+03:00,7.72
3,40,5,55.741555,37.352524,2026-06-07T17:19:31.496056+03:00,2026-06-07T17:08:31.909503+03:00,2026-06-07T17:38:31.909503+03:00,6.9
3,41,5,55.700699,37.345731,2026-06-07T17:12:38.339020+03:00,2026-06-07T17:09:23.063242+03:00,2026-06-07T17:39:23.063242+03:00,5.74
3,42,5,55.694769,37.386112,2026-06-07T17:10:01.569824+03:00,2026-06-07T17:09:56.225167+03:00,2026-06-07T17:39:56.225167+03:00,6.99
3,43,5,55.747715,37.399033,2026-06-07T17:25:51.368880+03:00,2026-06-07T17:17:39.555258+03:00,2026-06-07T17:47:39.555258+03:00,6.75
3,44,5,55.756438,37.381225,2026-06-07T17:16:16.381644+03:00,2026-06-07T17:07:27.106552+03:00,2026-06-07T17:37:27.106552+03:00,2.14
3,45,5,55.706542,37.333965,2026-06-07T17:23:46.550302+03:00,2026-06-07T17:15:20.019591+03:00,2026-06-07T17:45:20.019591+03:00,5.61
3,46,5,55.702808,37.320153,2026-06-07T17:13:50.731196+03:00,2026-06-07T17:13:24.712297+03:00,2026-06-07T17:43:24.712297+03:00,6.41
4,1,1,55.577877,37.887242,2026-06-10T12:55:18.231310+03:00,2026-06-10T12:48:49.588381+03:00,2026-06-10T13:18:49.588381+03:00,0.62
4,2,1,55.587226,37.866408,2026-06-10T12:44:33.873043+03:00,2026-06-10T12:43:18.864501+03:00,2026-06-10T13:13:18.864501+03:00,0.98
4,3,1,55.60003,37.887584,2026-06-10T12:50:52.622993+03:00,2026-06-10T12:45:54.299416+03:00,2026-06-10T13:15:54.299416+03:00,2.16
4,4,1,55.611708,37.920452,2026-06-10T12:57:52.752548+03:00,2026-06-10T12:50:37.876519+03:00,2026-06-10T13:20:37.876519+03:00,2.76
4,5,1,55.613684,37.857804,2026-06-10T13:01:17.945118+03:00,2026-06-10T12:51:58.728080+03:00,2026-06-10T13:21:58.728080+03:00,3.7
4,6,1,55.576208,37.919116,2026-06-10T12:53:32.722161+03:00,2026-06-10T12:43:39.206096+03:00,2026-06-10T13:13:39.206096+03:00,2.92
4,7,1,55.579034,37.866357,2026-06-10T12:52:48.226439+03:00,2026-06-10T12:46:21.885745+03:00,2026-06-10T13:16:21.885745+03:00,5.84
4,8,2,55.6653,37.703416,2026-06-10T12:50:27.925558+03:00,2026-06-10T12:43:48.343876+03:00,2026-06-10T13:13:48.343876+03:00,1.24
4,9,2,55.644801,37.732417,2026-06-10T12:55:13.340400+03:00,2026-06-10T12:46:45.824998+03:00,2026-06-10T13:16:45.824998+03:00,5.91
4,10,2,55.610728,37.696306,2026-06-10T12:44:09.339085+03:00,2026-06-10T12:40:25.644217+03:00,2026-06-10T13:10:25.644217+03:00,3.9
4,11,2,55.624796,37.664224,2026-06-10T12:50:43.058796+03:00,2026-06-10T12:43:24.087606+03:00,2026-06-10T13:13:24.087606+03:00,3.31
4,12,2,55.606361,37.738735,2026-06-10T12:47:09.389423+03:00,2026-06-10T12:38:00.419977+03:00,2026-06-10T13:08:00.419977+03:00,1.2
4,13,2,55.602436,37.722158,2026-06-10T12:55:17.797043+03:00,2026-06-10T12:49:10.592357+03:00,2026-06-10T13:19:10.592357+03:00,4.9
4,14,2,55.634987,37.685334,2026-06-10T12:42:43.382890+03:00,2026-06-10T12:38:50.008157+03:00,2026-06-10T13:08:50.008157+03:00,5.49
4,15,2,55.648196,37.733794,2026-06-10T12:58:28.097704+03:00,2026-06-10T12:47:48.954611+03:00,2026-06-10T13:17:48.954611+03:00,5.0
4,16,2,55.620291,37.707679,2026-06-10T12:47:24.910885+03:00,2026-06-10T12:40:11.464925+03:00,2026-06-10T13:10:11.464925+03:00,2.18
4,17,2,55.603252,37.73175,2026-06-10T12:50:54.124663+03:00,2026-06-10T12:42:30.804946+03:00,2026-06-10T13:12:30.804946+03:00,4.81
4,18,3,55.79211,37.69996,2026-06-10T12:56:01.542539+03:00,2026-06-10T12:49:16.584174+03:00,2026-06-10T13:19:16.584174+03:00,5.32
4,19,3,55.734787,37.695868,2026-06-10T12:52:23.030210+03:00,2026-06-10T12:49:26.514711+03:00,2026-06-10T13:19:26.514711+03:00,1.85
4,20,3,55.782138,37.640059,2026-06-10T12:42:09.872012+03:00,2026-06-10T12:42:05.842191+03:00,2026-06-10T13:12:05.842191+03:00,7.02
4,21,3,55.772592,37.648321,2026-06-10T12:46:05.580717+03:00,2026-06-10T12:39:07.687189+03:00,2026-06-10T13:09:07.687189+03:00,0.73
4,22,3,55.785177,37.631612,2026-06-10T12:47:02.840592+03:00,2026-06-10T12:43:17.849244+03:00,2026-06-10T13:13:17.849244+03:00,3.28
4,23,3,55.783461,37.682166,2026-06-10T12:46:26.905847+03:00,2026-06-10T12:45:30.834201+03:00,2026-06-10T13:15:30.834201+03:00,0.89
4,24,3,55.743968,37.667856,2026-06-10T12:50:06.159717+03:00,2026-06-10T12:47:06.571840+03:00,2026-06-10T13:17:06.571840+03:00,5.46
4,25,3,55.766946,37.652034,2026-06-10T12:49:24.112635+03:00,2026-06-10T12:41:05.850160+03:00,2026-06-10T13:11:05.850160+03:00,1.35
4,26,3,55.763043,37.637743,2026-06-10T12:52:31.815246+03:00,2026-06-10T12:47:10.637629+03:00,2026-06-10T13:17:10.637629+03:00,5.5
4,27,3,55.736129,37.647824,2026-06-10T12:46:04.465938+03:00,2026-06-10T12:45:59.392461+03:00,2026-06-10T13:15:59.392461+03:00,2.76
4,28,4,55.776554,37.723581,2026-06-10T12:42:39.692085+03:00,2026-06-10T12:41:20.502418+03:00,2026-06-10T13:11:20.502418+03:00,4.23
4,29,4,55.752985,37.666433,2026-06-10T12:47:31.197186+03:00,2026-06-10T12:44:59.324113+03:00,2026-06-10T13:14:59.324113+03:00,4.69
4,30,4,55.769603,37.686681,2026-06-10T12:51:07.111333+03:00,2026-06-10T12:42:57.364057+03:00,2026-06-10T13:12:57.364057+03:00,3.77
4,31,4,55.755022,37.661814,2026-06-10T12:46:25.082197+03:00,2026-06-10T12:41:41.754568+03:00,2026-06-10T13:11:41.754568+03:00,3.53
4,32,4,55.767649,37.680863,2026-06-10T12:53:42.220872+03:00,2026-06-10T12:43:04.529076+03:00,2026-06-10T13:13:04.529076+03:00,1.79
4,33,4,55.789172,37.696215,2026-06-10T12:51:19.471813+03:00,2026-06-10T12:47:20.649037+03:00,2026-06-10T13:17:20.649037+03:00,3.78
4,34,4,55.73025,37.694017,2026-06-10T12:43:52.311913+03:00,2026-06-10T12:43:00.404835+03:00,2026-06-10T13:13:00.404835+03:00,7.03
4,35,4,55.775046,37.674748,2026-06-10T12:49:31.616471+03:00,2026-06-10T12:48:41.206082+03:00,2026-06-10T13:18:41.206082+03:00,5.25
4,36,5,55.628415,37.71804,2026-06-10T12:56:55.147272+03:00,2026-06-10T12:47:54.641195+03:00,2026-06-10T13:17:54.641195+03:00,6.61
4,37,5,55.581539,37.699776,2026-06-10T12:46:35.127953+03:00,2026-06-10T12:39:57.544623+03:00,2026-06-10T13:09:57.544623+03:00,6.2
4,38,5,55.610886,37.702539,2026-06-10T12:54:01.680517+03:00,2026-06-10T12:48:35.563280+03:00,2026-06-10T13:18:35.563280+03:00,6.16
4,39,5,55.618191,37.726998,2026-06-10T12:57:04.303410+03:00,2026-06-10T12:50:51.738833+03:00,2026-06-10T13:20:51.738833+03:00,5.26
4,40,5,55.608717,37.764378,2026-06-10T12:48:04.127551+03:00,2026-06-10T12:46:24.495666+03:00,2026-06-10T13:16:24.495666+03:00,1.01
4,41,5,55.595955,37.71385,2026-06-10T12:41:44.279900+03:00,2026-06-10T12:41:07.206301+03:00,2026-06-10T13:11:07.206301+03:00,4.31
4,42,5,55.586729,37.727268,2026-06-10T12:47:00.120823+03:00,2026-06-10T12:37:51.201046+03:00,2026-06-10T13:07:51.201046+03:00,1.08
4,43,5,55.625498,37.763572,2026-06-10T12:51:48.172309+03:00,2026-06-10T12:46:13.507550+03:00,2026-06-10T13:16:13.507550+03:00,3.97
4,44,6,55.596481,37.882601,2026-06-10T12:50:18.861373+03:00,2026-06-10T12:46:46.653709+03:00,2026-06-10T13:16:46.653709+03:00,4.07
4,45,6,55.57556,37.815286,2026-06-10T12:48:26.575400+03:00,2026-06-10T12:38:33.151690+03:00,2026-06-10T13:08:33.151690+03:00,3.08
4,46,6,55.615002,37.855127,2026-06-10T12:42:18.813878+03:00,2026-06-10T12:39:35.303020+03:00,2026-06-10T13:09:35.303020+03:00,3.78
4,47,6,55.59576,37.856764,2026-06-10T12:43:28.953895+03:00,2026-06-10T12:39:22.871587+03:00,2026-06-10T13:09:22.871587+03:00,2.62
4,48,6,55.593614,37.84017,2026-06-10T12:54:38.987051+03:00,2026-06-10T12:45:58.097276+03:00,2026-06-10T13:15:58.097276+03:00,5.35
4,49,6,55.569614,37.818223,2026-06-10T12:50:18.078413+03:00,2026-06-10T12:47:10.541410+03:00,2026-06-10T13:17:10.541410+03:00,5.93
4,50,6,55.610959,37.891288,2026-06-10T12:53:45.970640+03:00,2026-06-10T12:50:05.951696+03:00,2026-06-10T13:20:05.951696+03:00,4.87
5,1,1,55.867717,37.550086,2026-06-06T09:18:54.266488+03:00,2026-06-06T09:15:01.407902+03:00,2026-06-06T09:45:01.407902+03:00,4.78
5,2,1,55.830531,37.584011,2026-06-06T09:26:49.134582+03:00,2026-06-06T09:22:51.136102+03:00,2026-06-06T09:52:51.136102+03:00,7.65
5,3,1,55.855504,37.594649,2026-06-06T09:22:50.280972+03:00,2026-06-06T09:22:36.860330+03:00,2026-06-06T09:52:36.860330+03:00,7.05
5,4,1,55.820466,37.558691,2026-06-06T09:28:49.201098+03:00,2026-06-06T09:20:35.972148+03:00,2026-06-06T09:50:35.972148+03:00,3.18
5,5,1,55.822148,37.545573,2026-06-06T09:25:59.812113+03:00,2026-06-06T09:24:51.393960+03:00,2026-06-06T09:54:51.393960+03:00,4.86
5,6,1,55.870386,37.535879,2026-06-06T09:24:00.510332+03:00,2026-06-06T09:20:17.069142+03:00,2026-06-06T09:50:17.069142+03:00,5.32
5,7,1,55.875545,37.585493,2026-06-06T09:34:58.567840+03:00,2026-06-06T09:29:42.737267+03:00,2026-06-06T09:59:42.737267+03:00,1.87
5,8,1,55.826858,37.588316,2026-06-06T09:29:33.653938+03:00,2026-06-06T09:29:09.244636+03:00,2026-06-06T09:59:09.244636+03:00,2.01
5,9,2,55.888373,37.347363,2026-06-06T09:24:01.896172+03:00,2026-06-06T09:19:39.068295+03:00,2026-06-06T09:49:39.068295+03:00,6.62
5,10,2,55.859506,37.322255,2026-06-06T09:27:51.043640+03:00,2026-06-06T09:24:42.210449+03:00,2026-06-06T09:54:42.210449+03:00,6.97
5,11,2,55.829714,37.377975,2026-06-06T09:27:53.460938+03:00,2026-06-06T09:19:05.894946+03:00,2026-06-06T09:49:05.894946+03:00,3.78
5,12,2,55.854369,37.358536,2026-06-06T09:33:04.595021+03:00,2026-06-06T09:29:20.830846+03:00,2026-06-06T09:59:20.830846+03:00,1.9
5,13,2,55.874812,37.352021,2026-06-06T09:29:53.597451+03:00,2026-06-06T09:26:57.561792+03:00,2026-06-06T09:56:57.561792+03:00,1.12
5,14,2,55.856083,37.357714,2026-06-06T09:31:54.689629+03:00,2026-06-06T09:29:55.588348+03:00,2026-06-06T09:59:55.588348+03:00,2.7
5,15,2,55.83355,37.348472,2026-06-06T09:24:20.380358+03:00,2026-06-06T09:19:26.075954+03:00,2026-06-06T09:49:26.075954+03:00,5.88
5,16,2,55.838033,37.358911,2026-06-06T09:29:42.114195+03:00,2026-06-06T09:21:42.416694+03:00,2026-06-06T09:51:42.416694+03:00,7.34
5,17,3,55.934219,37.552926,2026-06-06T09:30:02.641110+03:00,2026-06-06T09:29:13.113941+03:00,2026-06-06T09:59:13.113941+03:00,5.28
5,18,3,55.940432,37.536822,2026-06-06T09:35:40.310549+03:00,2026-06-06T09:25:11.469547+03:00,2026-06-06T09:55:11.469547+03:00,1.57
5,19,3,55.95753,37.535042,2026-06-06T09:16:15.693089+03:00,2026-06-06T09:15:31.319069+03:00,2026-06-06T09:45:31.319069+03:00,6.34
5,20,3,55.940643,37.499181,2026-06-06T09:30:09.882765+03:00,2026-06-06T09:23:30.520178+03:00,2026-06-06T09:53:30.520178+03:00,5.59
5,21,3,55.981418,37.498205,2026-06-06T09:32:45.564399+03:00,2026-06-06T09:26:26.776025+03:00,2026-06-06T09:56:26.776025+03:00,4.47
5,22,3,55.942862,37.523184,2026-06-06T09:19:59.526572+03:00,2026-06-06T09:18:44.650488+03:00,2026-06-06T09:48:44.650488+03:00,6.02
5,23,3,55.949933,37.499553,2026-06-06T09:26:18.278047+03:00,2026-06-06T09:23:25.505440+03:00,2026-06-06T09:53:25.505440+03:00,2.45
5,24,3,55.946239,37.554397,2026-06-06T09:29:21.895270+03:00,2026-06-06T09:19:17.019190+03:00,2026-06-06T09:49:17.019190+03:00,4.18
5,25,3,55.923585,37.541478,2026-06-06T09:31:39.966577+03:00,2026-06-06T09:21:46.838417+03:00,2026-06-06T09:51:46.838417+03:00,3.84
5,26,3,55.921145,37.526097,2026-06-06T09:31:11.897027+03:00,2026-06-06T09:27:40.969097+03:00,2026-06-06T09:57:40.969097+03:00,3.11
5,27,4,55.759105,37.466447,2026-06-06T09:21:13.914475+03:00,2026-06-06T09:19:29.961010+03:00,2026-06-06T09:49:29.961010+03:00,5.82
5,28,4,55.76962,37.455983,2026-06-06T09:22:53.342431+03:00,2026-06-06T09:20:25.342965+03:00,2026-06-06T09:50:25.342965+03:00,7.89
5,29,4,55.77605,37.461621,2026-06-06T09:26:22.811450+03:00,2026-06-06T09:22:24.619744+03:00,2026-06-06T09:52:24.619744+03:00,4.79
5,30,4,55.753323,37.528786,2026-06-06T09:26:40.396762+03:00,2026-06-06T09:16:56.794107+03:00,2026-06-06T09:46:56.794107+03:00,0.99
5,31,4,55.748476,37.504839,2026-06-06T09:26:41.923379+03:00,2026-06-06T09:22:10.798599+03:00,2026-06-06T09:52:10.798599+03:00,3.57
5,32,4,55.760848,37.451594,2026-06-06T09:20:34.273816+03:00,2026-06-06T09:19:45.324903+03:00,2026-06-06T09:49:45.324903+03:00,3.99
5,33,4,55.75682,37.451865,2026-06-06T09:33:30.008628+03:00,2026-06-06T09:27:26.148355+03:00,2026-06-06T09:57:26.148355+03:00,4.91
6,1,1,55.694155,37.668015,2026-06-09T17:32:05.144439+03:00,2026-06-09T17:30:36.747376+03:00,2026-06-09T18:00:36.747376+03:00,2.48
6,2,1,55.699757,37.703572,2026-06-09T17:30:14.482229+03:00,2026-06-09T17:29:40.718155+03:00,2026-06-09T17:59:40.718155+03:00,4.71
6,3,1,55.699529,37.693253,2026-06-09T17:39:44.947833+03:00,2026-06-09T17:34:47.713942+03:00,2026-06-09T18:04:47.713942+03:00,4.62
6,4,1,55.731924,37.723371,2026-06-09T17:39:34.856665+03:00,2026-06-09T17:38:09.938827+03:00,2026-06-09T18:08:09.938827+03:00,1.23
6,5,1,55.700276,37.75609,2026-06-09T17:41:23.348860+03:00,2026-06-09T17:37:22.048654+03:00,2026-06-09T18:07:22.048654+03:00,1.58
6,6,1,55.716325,37.703404,2026-06-09T17:30:01.912634+03:00,2026-06-09T17:29:36.229416+03:00,2026-06-09T17:59:36.229416+03:00,5.85
6,7,1,55.73043,37.714019,2026-06-09T17:41:03.513515+03:00,2026-06-09T17:31:14.046598+03:00,2026-06-09T18:01:14.046598+03:00,1.55
6,8,1,55.739348,37.695947,2026-06-09T17:41:40.549451+03:00,2026-06-09T17:34:53.659129+03:00,2026-06-09T18:04:53.659129+03:00,6.82
6,9,1,55.715713,37.712937,2026-06-09T17:42:02.041481+03:00,2026-06-09T17:36:38.742691+03:00,2026-06-09T18:06:38.742691+03:00,4.72
6,10,1,55.707395,37.668776,2026-06-09T17:35:10.454663+03:00,2026-06-09T17:33:58.115634+03:00,2026-06-09T18:03:58.115634+03:00,3.62
6,11,2,55.620773,37.920279,2026-06-09T17:39:36.826408+03:00,2026-06-09T17:39:19.239286+03:00,2026-06-09T18:09:19.239286+03:00,4.06
6,12,2,55.632695,37.925461,2026-06-09T17:46:59.784524+03:00,2026-06-09T17:40:38.545823+03:00,2026-06-09T18:10:38.545823+03:00,5.91
6,13,2,55.605847,37.870346,2026-06-09T17:45:15.148349+03:00,2026-06-09T17:38:26.122717+03:00,2026-06-09T18:08:26.122717+03:00,6.81
6,14,2,55.575344,37.916265,2026-06-09T17:39:54.228875+03:00,2026-06-09T17:29:28.413462+03:00,2026-06-09T17:59:28.413462+03:00,1.32
6,15,2,55.566326,37.883232,2026-06-09T17:38:52.018304+03:00,2026-06-09T17:31:16.288132+03:00,2026-06-09T18:01:16.288132+03:00,3.58
6,16,2,55.619248,37.937847,2026-06-09T17:50:11.188537+03:00,2026-06-09T17:42:05.535938+03:00,2026-06-09T18:12:05.535938+03:00,0.97
6,17,2,55.574666,37.873661,2026-06-09T17:41:09.614269+03:00,2026-06-09T17:33:52.544581+03:00,2026-06-09T18:03:52.544581+03:00,4.44
6,18,2,55.586963,37.870586,2026-06-09T17:46:26.847577+03:00,2026-06-09T17:42:40.911745+03:00,2026-06-09T18:12:40.911745+03:00,3.16
6,19,2,55.619039,37.919883,2026-06-09T17:46:16.564975+03:00,2026-06-09T17:38:38.978190+03:00,2026-06-09T18:08:38.978190+03:00,5.08
6,20,3,55.742771,37.880111,2026-06-09T17:43:50.029706+03:00,2026-06-09T17:33:28.649245+03:00,2026-06-09T18:03:28.649245+03:00,7.87
6,21,3,55.729739,37.918441,2026-06-09T17:44:43.957952+03:00,2026-06-09T17:39:21.215920+03:00,2026-06-09T18:09:21.215920+03:00,4.1
6,22,3,55.714991,37.939104,2026-06-09T17:42:59.438929+03:00,2026-06-09T17:39:49.497941+03:00,2026-06-09T18:09:49.497941+03:00,4.8
6,23,3,55.71378,37.935618,2026-06-09T17:38:42.868096+03:00,2026-06-09T17:34:55.079210+03:00,2026-06-09T18:04:55.079210+03:00,6.3
6,24,3,55.68601,37.858786,2026-06-09T17:44:11.941774+03:00,2026-06-09T17:43:19.782346+03:00,2026-06-09T18:13:19.782346+03:00,7.43
6,25,3,55.721675,37.92226,2026-06-09T17:41:19.036251+03:00,2026-06-09T17:32:12.588127+03:00,2026-06-09T18:02:12.588127+03:00,2.53
6,26,3,55.715098,37.879446,2026-06-09T17:38:47.291968+03:00,2026-06-09T17:30:38.303923+03:00,2026-06-09T18:00:38.303923+03:00,2.29
6,27,3,55.67931,37.936467,2026-06-09T17:34:56.776611+03:00,2026-06-09T17:32:23.104482+03:00,2026-06-09T18:02:23.104482+03:00,1.25
6,28,4,55.6563,37.689634,2026-06-09T17:40:37.109207+03:00,2026-06-09T17:40:33.689452+03:00,2026-06-09T18:10:33.689452+03:00,4.63
6,29,4,55.671122,37.717207,2026-06-09T17:52:41.272639+03:00,2026-06-09T17:43:01.528889+03:00,2026-06-09T18:13:01.528889+03:00,4.08
6,30,4,55.620047,37.767338,2026-06-09T17:40:55.343558+03:00,2026-06-09T17:33:49.050932+03:00,2026-06-09T18:03:49.050932+03:00,7.31
6,31,4,55.612347,37.732257,2026-06-09T17:44:58.894717+03:00,2026-06-09T17:37:01.637049+03:00,2026-06-09T18:07:01.637049+03:00,7.53
6,32,4,55.670011,37.696341,2026-06-09T17:44:10.041023+03:00,2026-06-09T17:42:14.020476+03:00,2026-06-09T18:12:14.020476+03:00,7.4
6,33,4,55.675887,37.716315,2026-06-09T17:46:44.007280+03:00,2026-06-09T17:36:25.845508+03:00,2026-06-09T18:06:25.845508+03:00,7.72
6,34,4,55.670908,37.759492,2026-06-09T17:35:23.195285+03:00,2026-06-09T17:29:08.340452+03:00,2026-06-09T17:59:08.340452+03:00,1.3
6,35,4,55.674894,37.706196,2026-06-09T17:49:48.767842+03:00,2026-06-09T17:43:50.189523+03:00,2026-06-09T18:13:50.189523+03:00,4.2
6,36,4,55.671784,37.757181,2026-06-09T17:38:08.474215+03:00,2026-06-09T17:36:01.218692+03:00,2026-06-09T18:06:01.218692+03:00,1.34
6,37,5,55.617758,37.781531,2026-06-09T17:39:56.033925+03:00,2026-06-09T17:39:46.738356+03:00,2026-06-09T18:09:46.738356+03:00,3.03
6,38,5,55.587232,37.783881,2026-06-09T17:38:37.075129+03:00,2026-06-09T17:31:53.845159+03:00,2026-06-09T18:01:53.845159+03:00,5.29
6,39,5,55.594964,37.761678,2026-06-09T17:38:19.683936+03:00,2026-06-09T17:33:55.133993+03:00,2026-06-09T18:03:55.133993+03:00,1.22
6,40,5,55.635298,37.766156,2026-06-09T17:43:06.750728+03:00,2026-06-09T17:43:02.242848+03:00,2026-06-09T18:13:02.242848+03:00,3.38
6,41,5,55.597851,37.747215,2026-06-09T17:40:21.086869+03:00,2026-06-09T17:33:56.662773+03:00,2026-06-09T18:03:56.662773+03:00,4.8
6,42,5,55.584889,37.755545,2026-06-09T17:39:53.411156+03:00,2026-06-09T17:32:32.672320+03:00,2026-06-09T18:02:32.672320+03:00,3.99
6,43,5,55.57776,37.784932,2026-06-09T17:52:36.744346+03:00,2026-06-09T17:42:50.795413+03:00,2026-06-09T18:12:50.795413+03:00,6.27
6,44,5,55.6149,37.780669,2026-06-09T17:47:09.151037+03:00,2026-06-09T17:43:06.572061+03:00,2026-06-09T18:13:06.572061+03:00,2.16
6,45,6,55.799684,37.811943,2026-06-09T17:47:56.546562+03:00,2026-06-09T17:43:49.954166+03:00,2026-06-09T18:13:49.954166+03:00,5.76
6,46,6,55.830107,37.839156,2026-06-09T17:50:06.693809+03:00,2026-06-09T17:41:01.795493+03:00,2026-06-09T18:11:01.795493+03:00,6.21
6,47,6,55.813836,37.824618,2026-06-09T17:46:35.468014+03:00,2026-06-09T17:40:48.633621+03:00,2026-06-09T18:10:48.633621+03:00,4.46
6,48,6,55.791537,37.853547,2026-06-09T17:39:47.978788+03:00,2026-06-09T17:30:40.987912+03:00,2026-06-09T18:00:40.987912+03:00,7.27
6,49,6,55.780363,37.819294,2026-06-09T17:40:52.044206+03:00,2026-06-09T17:31:28.083441+03:00,2026-06-09T18:01:28.083441+03:00,3.81
6,50,6,55.813832,37.835517,2026-06-09T17:46:13.212142+03:00,2026-06-09T17:36:19.945170+03:00,2026-06-09T18:06:19.945170+03:00,3.84
6,51,6,55.770106,37.78287,2026-06-09T17:41:26.063498+03:00,2026-06-09T17:35:13.882116+03:00,2026-06-09T18:05:13.882116+03:00,4.69
6,52,6,55.813305,37.79873,2026-06-09T17:32:07.535177+03:00,2026-06-09T17:29:19.593412+03:00,2026-06-09T17:59:19.593412+03:00,0.52
7,1,1,55.926183,37.730772,2026-06-12T10:33:22.110516+03:00,2026-06-12T10:25:42.997167+03:00,2026-06-12T10:55:42.997167+03:00,5.78
7,2,1,55.901666,37.684422,2026-06-12T10:19:56.272578+03:00,2026-06-12T10:16:49.453508+03:00,2026-06-12T10:46:49.453508+03:00,4.0
7,3,1,55.919312,37.69064,2026-06-12T10:27:06.336045+03:00,2026-06-12T10:17:23.680156+03:00,2026-06-12T10:47:23.680156+03:00,4.0
7,4,1,55.930098,37.727899,2026-06-12T10:26:56.820040+03:00,2026-06-12T10:23:25.466072+03:00,2026-06-12T10:53:25.466072+03:00,2.02
7,5,1,55.895806,37.666997,2026-06-12T10:33:06.902927+03:00,2026-06-12T10:24:57.676357+03:00,2026-06-12T10:54:57.676357+03:00,0.62
7,6,1,55.912633,37.715445,2026-06-12T10:26:02.837654+03:00,2026-06-12T10:22:48.010744+03:00,2026-06-12T10:52:48.010744+03:00,1.97
7,7,1,55.890003,37.714163,2026-06-12T10:21:44.581086+03:00,2026-06-12T10:15:41.157015+03:00,2026-06-12T10:45:41.157015+03:00,7.58
7,8,2,55.859946,37.625655,2026-06-12T10:33:33.375781+03:00,2026-06-12T10:26:29.857441+03:00,2026-06-12T10:56:29.857441+03:00,4.18
7,9,2,55.85371,37.62326,2026-06-12T10:22:27.746070+03:00,2026-06-12T10:14:32.339140+03:00,2026-06-12T10:44:32.339140+03:00,4.16
7,10,2,55.906116,37.600504,2026-06-12T10:22:16.391671+03:00,2026-06-12T10:21:37.628517+03:00,2026-06-12T10:51:37.628517+03:00,0.75
7,11,2,55.901202,37.636779,2026-06-12T10:30:25.857626+03:00,2026-06-12T10:22:01.393989+03:00,2026-06-12T10:52:01.393989+03:00,3.59
7,12,2,55.900911,37.572541,2026-06-12T10:22:42.485972+03:00,2026-06-12T10:22:36.452607+03:00,2026-06-12T10:52:36.452607+03:00,4.29
7,13,2,55.868057,37.607317,2026-06-12T10:28:46.982035+03:00,2026-06-12T10:22:00.079257+03:00,2026-06-12T10:52:00.079257+03:00,4.12
7,14,2,55.876083,37.552307,2026-06-12T10:20:24.300844+03:00,2026-06-12T10:20:16.479205+03:00,2026-06-12T10:50:16.479205+03:00,4.47
7,15,2,55.861165,37.639685,2026-06-12T10:21:12.112104+03:00,2026-06-12T10:12:15.428338+03:00,2026-06-12T10:42:15.428338+03:00,5.56
7,16,2,55.898365,37.633592,2026-06-12T10:14:39.881954+03:00,2026-06-12T10:13:36.314786+03:00,2026-06-12T10:43:36.314786+03:00,1.62
7,17,3,55.774303,37.781435,2026-06-12T10:26:03.654970+03:00,2026-06-12T10:17:18.996991+03:00,2026-06-12T10:47:18.996991+03:00,1.09
7,18,3,55.798069,37.800027,2026-06-12T10:23:19.063074+03:00,2026-06-12T10:15:38.887105+03:00,2026-06-12T10:45:38.887105+03:00,2.75
7,19,3,55.788883,37.765972,2026-06-12T10:34:01.437573+03:00,2026-06-12T10:26:52.507235+03:00,2026-06-12T10:56:52.507235+03:00,0.74
7,20,3,55.759288,37.792662,2026-06-12T10:26:08.658320+03:00,2026-06-12T10:19:08.404590+03:00,2026-06-12T10:49:08.404590+03:00,5.77
7,21,3,55.736707,37.834797,2026-06-12T10:25:19.055125+03:00,2026-06-12T10:21:40.416518+03:00,2026-06-12T10:51:40.416518+03:00,7.83
7,22,3,55.799087,37.839248,2026-06-12T10:28:18.882882+03:00,2026-06-12T10:25:47.236994+03:00,2026-06-12T10:55:47.236994+03:00,7.26
7,23,3,55.779379,37.809728,2026-06-12T10:26:13.930663+03:00,2026-06-12T10:16:03.985547+03:00,2026-06-12T10:46:03.985547+03:00,5.63
7,24,3,55.750545,37.80759,2026-06-12T10:23:50.672288+03:00,2026-06-12T10:21:52.298316+03:00,2026-06-12T10:51:52.298316+03:00,6.88
7,25,4,55.820853,37.812139,2026-06-12T10:31:07.418547+03:00,2026-06-12T10:23:17.029023+03:00,2026-06-12T10:53:17.029023+03:00,3.49
7,26,4,55.758936,37.773926,2026-06-12T10:24:47.294345+03:00,2026-06-12T10:15:36.424975+03:00,2026-06-12T10:45:36.424975+03:00,3.42
7,27,4,55.816307,37.789161,2026-06-12T10:24:52.415730+03:00,2026-06-12T10:23:20.048338+03:00,2026-06-12T10:53:20.048338+03:00,7.91
7,28,4,55.804242,37.804377,2026-06-12T10:27:12.330640+03:00,2026-06-12T10:26:36.890995+03:00,2026-06-12T10:56:36.890995+03:00,3.78
7,29,4,55.812258,37.789959,2026-06-12T10:34:02.311630+03:00,2026-06-12T10:23:32.105088+03:00,2026-06-12T10:53:32.105088+03:00,3.48
7,30,4,55.807699,37.761972,2026-06-12T10:27:01.101006+03:00,2026-06-12T10:16:05.994326+03:00,2026-06-12T10:46:05.994326+03:00,4.18
7,31,4,55.778457,37.844008,2026-06-12T10:25:57.261758+03:00,2026-06-12T10:18:28.663152+03:00,2026-06-12T10:48:28.663152+03:00,5.46
7,32,5,55.785671,37.570198,2026-06-12T10:16:30.319214+03:00,2026-06-12T10:15:41.804803+03:00,2026-06-12T10:45:41.804803+03:00,2.51
7,33,5,55.758219,37.614164,2026-06-12T10:18:35.999706+03:00,2026-06-12T10:14:18.849202+03:00,2026-06-12T10:44:18.849202+03:00,3.21
7,34,5,55.738025,37.628481,2026-06-12T10:27:02.750962+03:00,2026-06-12T10:18:40.262278+03:00,2026-06-12T10:48:40.262278+03:00,1.27
7,35,5,55.73773,37.582402,2026-06-12T10:25:59.497489+03:00,2026-06-12T10:20:21.286529+03:00,2026-06-12T10:50:21.286529+03:00,1.27
7,36,5,55.737892,37.593494,2026-06-12T10:29:34.961658+03:00,2026-06-12T10:20:57.232100+03:00,2026-06-12T10:50:57.232100+03:00,6.98
7,37,5,55.732483,37.580857,2026-06-12T10:31:39.649132+03:00,2026-06-12T10:23:41.252195+03:00,2026-06-12T10:53:41.252195+03:00,4.7
7,38,5,55.80111,37.565461,2026-06-12T10:27:21.302633+03:00,2026-06-12T10:19:48.994078+03:00,2026-06-12T10:49:48.994078+03:00,1.77
8,1,1,55.79111,37.446223,2026-06-12T19:54:29.778786+03:00,2026-06-12T19:48:45.842998+03:00,2026-06-12T20:18:45.842998+03:00,3.11
8,2,1,55.773561,37.480327,2026-06-12T19:44:31.537538+03:00,2026-06-12T19:43:47.202474+03:00,2026-06-12T20:13:47.202474+03:00,0.84
8,3,1,55.816482,37.41738,2026-06-12T19:43:20.949523+03:00,2026-06-12T19:42:08.770153+03:00,2026-06-12T20:12:08.770153+03:00,6.5
8,4,1,55.831822,37.481991,2026-06-12T19:50:48.655303+03:00,2026-06-12T19:44:44.394512+03:00,2026-06-12T20:14:44.394512+03:00,2.98
8,5,1,55.796573,37.456932,2026-06-12T19:55:53.622019+03:00,2026-06-12T19:48:57.980209+03:00,2026-06-12T20:18:57.980209+03:00,1.9
8,6,1,55.812739,37.45095,2026-06-12T19:57:46.493800+03:00,2026-06-12T19:48:03.649533+03:00,2026-06-12T20:18:03.649533+03:00,3.87
8,7,1,55.796796,37.415748,2026-06-12T19:43:17.024083+03:00,2026-06-12T19:40:13.316495+03:00,2026-06-12T20:10:13.316495+03:00,5.78
8,8,1,55.822448,37.467309,2026-06-12T19:54:53.898868+03:00,2026-06-12T19:48:59.552121+03:00,2026-06-12T20:18:59.552121+03:00,3.24
8,9,2,55.8725,37.538567,2026-06-12T19:55:44.664806+03:00,2026-06-12T19:49:56.372893+03:00,2026-06-12T20:19:56.372893+03:00,5.29
8,10,2,55.882259,37.569973,2026-06-12T19:49:37.934504+03:00,2026-06-12T19:45:48.304243+03:00,2026-06-12T20:15:48.304243+03:00,6.84
8,11,2,55.883687,37.588192,2026-06-12T19:50:51.703116+03:00,2026-06-12T19:47:35.389525+03:00,2026-06-12T20:17:35.389525+03:00,5.11
8,12,2,55.846404,37.52701,2026-06-12T19:42:07.626289+03:00,2026-06-12T19:38:46.075487+03:00,2026-06-12T20:08:46.075487+03:00,1.87
8,13,2,55.889012,37.560929,2026-06-12T19:44:47.407613+03:00,2026-06-12T19:43:16.415196+03:00,2026-06-12T20:13:16.415196+03:00,3.38
8,14,2,55.853474,37.57215,2026-06-12T19:54:29.961297+03:00,2026-06-12T19:47:24.089634+03:00,2026-06-12T20:17:24.089634+03:00,8.0
8,15,2,55.879315,37.559023,2026-06-12T19:42:33.889692+03:00,2026-06-12T19:39:06.266882+03:00,2026-06-12T20:09:06.266882+03:00,3.88
8,16,2,55.844224,37.547269,2026-06-12T19:38:38.738008+03:00,2026-06-12T19:37:08.625096+03:00,2026-06-12T20:07:08.625096+03:00,6.61
8,17,3,55.700566,37.690543,2026-06-12T19:52:32.070286+03:00,2026-06-12T19:47:39.128136+03:00,2026-06-12T20:17:39.128136+03:00,1.75
8,18,3,55.711504,37.717917,2026-06-12T19:40:40.055313+03:00,2026-06-12T19:40:18.476556+03:00,2026-06-12T20:10:18.476556+03:00,2.19
8,19,3,55.692133,37.716555,2026-06-12T19:53:58.966856+03:00,2026-06-12T19:45:29.085415+03:00,2026-06-12T20:15:29.085415+03:00,4.21
8,20,3,55.707683,37.697832,2026-06-12T19:46:59.550098+03:00,2026-06-12T19:41:01.100018+03:00,2026-06-12T20:11:01.100018+03:00,7.93
8,21,3,55.709869,37.714399,2026-06-12T19:53:15.305661+03:00,2026-06-12T19:48:24.003718+03:00,2026-06-12T20:18:24.003718+03:00,2.14
8,22,3,55.701687,37.712527,2026-06-12T19:49:31.675404+03:00,2026-06-12T19:46:48.304532+03:00,2026-06-12T20:16:48.304532+03:00,7.06
8,23,3,55.674182,37.669941,2026-06-12T19:50:53.388447+03:00,2026-06-12T19:49:55.979663+03:00,2026-06-12T20:19:55.979663+03:00,6.99
8,24,3,55.680143,37.719358,2026-06-12T19:48:15.714919+03:00,2026-06-12T19:40:08.890351+03:00,2026-06-12T20:10:08.890351+03:00,5.67
8,25,3,55.7322,37.701212,2026-06-12T19:50:12.010147+03:00,2026-06-12T19:43:25.350355+03:00,2026-06-12T20:13:25.350355+03:00,6.39
8,26,3,55.728873,37.718778,2026-06-12T19:51:24.372236+03:00,2026-06-12T19:45:33.066910+03:00,2026-06-12T20:15:33.066910+03:00,4.98
8,27,4,55.644283,37.682884,2026-06-12T19:44:16.846343+03:00,2026-06-12T19:41:20.399919+03:00,2026-06-12T20:11:20.399919+03:00,6.94
8,28,4,55.690612,37.680656,2026-06-12T19:49:01.132164+03:00,2026-06-12T19:38:25.702647+03:00,2026-06-12T20:08:25.702647+03:00,6.39
8,29,4,55.685941,37.708843,2026-06-12T19:51:24.089022+03:00,2026-06-12T19:50:00.342831+03:00,2026-06-12T20:20:00.342831+03:00,7.0
8,30,4,55.639105,37.683545,2026-06-12T19:57:48.206190+03:00,2026-06-12T19:49:25.633622+03:00,2026-06-12T20:19:25.633622+03:00,5.57
8,31,4,55.65589,37.671487,2026-06-12T19:45:35.233996+03:00,2026-06-12T19:41:01.845437+03:00,2026-06-12T20:11:01.845437+03:00,3.89
8,32,4,55.665982,37.69873,2026-06-12T19:44:04.090198+03:00,2026-06-12T19:38:23.785306+03:00,2026-06-12T20:08:23.785306+03:00,2.59
8,33,4,55.687171,37.652736,2026-06-12T19:54:51.239596+03:00,2026-06-12T19:51:15.228671+03:00,2026-06-12T20:21:15.228671+03:00,0.52
8,34,4,55.675817,37.685464,2026-06-12T19:53:00.415253+03:00,2026-06-12T19:47:57.838744+03:00,2026-06-12T20:17:57.838744+03:00,5.48
9,1,1,55.688745,37.552744,2026-06-06T11:58:13.198824+03:00,2026-06-06T11:52:31.484400+03:00,2026-06-06T12:22:31.484400+03:00,4.32
9,2,1,55.681741,37.520086,2026-06-06T11:58:41.734508+03:00,2026-06-06T11:48:49.112218+03:00,2026-06-06T12:18:49.112218+03:00,7.66
9,3,1,55.664034,37.503634,2026-06-06T12:02:01.617934+03:00,2026-06-06T11:55:29.624287+03:00,2026-06-06T12:25:29.624287+03:00,4.46
9,4,1,55.697831,37.582307,2026-06-06T12:03:27.640663+03:00,2026-06-06T12:02:00.531962+03:00,2026-06-06T12:32:00.531962+03:00,6.96
9,5,1,55.669179,37.526374,2026-06-06T12:06:38.046963+03:00,2026-06-06T11:58:14.647844+03:00,2026-06-06T12:28:14.647844+03:00,7.66
9,6,1,55.683318,37.494989,2026-06-06T11:51:53.821595+03:00,2026-06-06T11:49:00.779312+03:00,2026-06-06T12:19:00.779312+03:00,0.8
9,7,1,55.633625,37.564523,2026-06-06T12:02:30.806203+03:00,2026-06-06T11:55:35.949544+03:00,2026-06-06T12:25:35.949544+03:00,4.26
9,8,2,55.713853,37.439506,2026-06-06T12:03:31.336095+03:00,2026-06-06T11:57:36.483559+03:00,2026-06-06T12:27:36.483559+03:00,1.65
9,9,2,55.690055,37.410413,2026-06-06T12:12:31.879207+03:00,2026-06-06T12:01:48.832373+03:00,2026-06-06T12:31:48.832373+03:00,1.67
9,10,2,55.707075,37.456081,2026-06-06T12:06:35.795810+03:00,2026-06-06T11:59:26.901718+03:00,2026-06-06T12:29:26.901718+03:00,5.32
9,11,2,55.705915,37.442675,2026-06-06T12:04:55.585855+03:00,2026-06-06T12:02:18.085179+03:00,2026-06-06T12:32:18.085179+03:00,2.33
9,12,2,55.748927,37.41374,2026-06-06T11:57:47.386004+03:00,2026-06-06T11:57:11.067115+03:00,2026-06-06T12:27:11.067115+03:00,5.5
9,13,2,55.730267,37.419109,2026-06-06T11:49:41.958260+03:00,2026-06-06T11:48:11.398474+03:00,2026-06-06T12:18:11.398474+03:00,0.59
9,14,2,55.718952,37.434505,2026-06-06T12:04:48.355094+03:00,2026-06-06T11:55:45.500558+03:00,2026-06-06T12:25:45.500558+03:00,2.44
9,15,2,55.710234,37.470781,2026-06-06T12:09:09.851704+03:00,2026-06-06T12:01:06.114051+03:00,2026-06-06T12:31:06.114051+03:00,1.39
9,16,2,55.747196,37.433452,2026-06-06T12:00:12.135892+03:00,2026-06-06T11:54:26.392112+03:00,2026-06-06T12:24:26.392112+03:00,2.47
9,17,2,55.752456,37.459779,2026-06-06T12:01:03.648852+03:00,2026-06-06T11:55:26.532812+03:00,2026-06-06T12:25:26.532812+03:00,0.92
9,18,3,55.815431,37.371781,2026-06-06T11:55:51.396545+03:00,2026-06-06T11:49:32.614424+03:00,2026-06-06T12:19:32.614424+03:00,5.92
9,19,3,55.805681,37.394615,2026-06-06T11:58:09.166924+03:00,2026-06-06T11:48:39.634117+03:00,2026-06-06T12:18:39.634117+03:00,2.33
9,20,3,55.822716,37.383289,2026-06-06T12:00:29.641852+03:00,2026-06-06T11:50:15.076201+03:00,2026-06-06T12:20:15.076201+03:00,6.93
9,21,3,55.828393,37.431076,2026-06-06T12:03:43.382986+03:00,2026-06-06T11:59:06.599245+03:00,2026-06-06T12:29:06.599245+03:00,2.91
9,22,3,55.818831,37.413646,2026-06-06T11:52:55.537628+03:00,2026-06-06T11:52:04.132162+03:00,2026-06-06T12:22:04.132162+03:00,3.3
9,23,3,55.824836,37.429995,2026-06-06T11:59:32.273008+03:00,2026-06-06T11:50:41.409915+03:00,2026-06-06T12:20:41.409915+03:00,7.86
9,24,3,55.856478,37.355024,2026-06-06T11:58:04.907295+03:00,2026-06-06T11:54:58.584760+03:00,2026-06-06T12:24:58.584760+03:00,6.84
9,25,3,55.812604,37.398599,2026-06-06T11:50:19.615217+03:00,2026-06-06T11:48:07.172256+03:00,2026-06-06T12:18:07.172256+03:00,4.73
9,26,4,55.806314,37.370767,2026-06-06T12:04:12.872377+03:00,2026-06-06T11:53:31.446265+03:00,2026-06-06T12:23:31.446265+03:00,7.98
9,27,4,55.808855,37.414856,2026-06-06T12:04:57.245855+03:00,2026-06-06T11:56:11.903318+03:00,2026-06-06T12:26:11.903318+03:00,1.63
9,28,4,55.819811,37.351087,2026-06-06T12:03:07.112294+03:00,2026-06-06T11:56:07.390680+03:00,2026-06-06T12:26:07.390680+03:00,5.7
9,29,4,55.755215,37.379086,2026-06-06T12:03:31.377626+03:00,2026-06-06T11:59:23.036238+03:00,2026-06-06T12:29:23.036238+03:00,6.04
9,30,4,55.776069,37.367402,2026-06-06T12:07:21.882624+03:00,2026-06-06T12:02:44.804168+03:00,2026-06-06T12:32:44.804168+03:00,7.71
9,31,4,55.822622,37.361748,2026-06-06T11:52:40.816919+03:00,2026-06-06T11:52:11.842744+03:00,2026-06-06T12:22:11.842744+03:00,2.24
9,32,4,55.813729,37.38611,2026-06-06T12:06:28.602445+03:00,2026-06-06T12:01:26.020146+03:00,2026-06-06T12:31:26.020146+03:00,6.11
9,33,4,55.795197,37.394423,2026-06-06T12:01:53.765963+03:00,2026-06-06T11:57:33.494112+03:00,2026-06-06T12:27:33.494112+03:00,4.94
9,34,4,55.758903,37.408555,2026-06-06T11:53:10.143634+03:00,2026-06-06T11:49:57.637458+03:00,2026-06-06T12:19:57.637458+03:00,6.88
9,35,5,55.793125,37.55702,2026-06-06T11:55:45.742822+03:00,2026-06-06T11:52:46.251947+03:00,2026-06-06T12:22:46.251947+03:00,1.06
9,36,5,55.758264,37.561033,2026-06-06T11:58:28.808196+03:00,2026-06-06T11:56:46.237232+03:00,2026-06-06T12:26:46.237232+03:00,1.73
9,37,5,55.776698,37.527425,2026-06-06T12:06:38.991011+03:00,2026-06-06T11:56:02.332094+03:00,2026-06-06T12:26:02.332094+03:00,2.06
9,38,5,55.765656,37.514689,2026-06-06T11:51:31.948350+03:00,2026-06-06T11:49:47.922201+03:00,2026-06-06T12:19:47.922201+03:00,5.65
9,39,5,55.801921,37.553557,2026-06-06T11:57:48.007163+03:00,2026-06-06T11:48:36.296827+03:00,2026-06-06T12:18:36.296827+03:00,2.96
9,40,5,55.750459,37.513178,2026-06-06T11:58:59.051866+03:00,2026-06-06T11:53:20.168480+03:00,2026-06-06T12:23:20.168480+03:00,5.58
9,41,5,55.762286,37.579999,2026-06-06T11:52:54.872753+03:00,2026-06-06T11:48:27.973884+03:00,2026-06-06T12:18:27.973884+03:00,3.89
9,42,5,55.79644,37.513325,2026-06-06T12:03:46.410781+03:00,2026-06-06T11:54:55.838924+03:00,2026-06-06T12:24:55.838924+03:00,1.55
9,43,5,55.744911,37.565572,2026-06-06T12:04:10.582571+03:00,2026-06-06T12:02:44.310514+03:00,2026-06-06T12:32:44.310514+03:00,6.68
9,44,5,55.770131,37.547565,2026-06-06T12:04:04.550223+03:00,2026-06-06T11:57:40.216514+03:00,2026-06-06T12:27:40.216514+03:00,2.44
9,45,6,55.669741,37.562671,2026-06-06T12:06:24.911148+03:00,2026-06-06T12:01:32.246474+03:00,2026-06-06T12:31:32.246474+03:00,1.47
9,46,6,55.731571,37.63151,2026-06-06T11:53:26.574473+03:00,2026-06-06T11:52:58.394902+03:00,2026-06-06T12:22:58.394902+03:00,3.96
9,47,6,55.679975,37.608518,2026-06-06T12:04:40.215995+03:00,2026-06-06T12:00:19.516861+03:00,2026-06-06T12:30:19.516861+03:00,0.72
9,48,6,55.71604,37.572421,2026-06-06T11:53:16.764230+03:00,2026-06-06T11:51:13.244495+03:00,2026-06-06T12:21:13.244495+03:00,2.6
9,49,6,55.730055,37.559987,2026-06-06T11:59:59.476848+03:00,2026-06-06T11:57:17.258894+03:00,2026-06-06T12:27:17.258894+03:00,2.71
9,50,6,55.697055,37.60643,2026-06-06T11:51:59.533314+03:00,2026-06-06T11:48:54.881162+03:00,2026-06-06T12:18:54.881162+03:00,1.53
9,51,6,55.682177,37.636487,2026-06-06T12:02:49.530549+03:00,2026-06-06T11:55:53.232652+03:00,2026-06-06T12:25:53.232652+03:00,6.52
10,1,1,55.803154,37.666028,2026-06-11T14:39:33.724093+03:00,2026-06-11T14:35:23.773794+03:00,2026-06-11T15:05:23.773794+03:00,4.6
10,2,1,55.742417,37.629573,2026-06-11T14:48:07.285560+03:00,2026-06-11T14:40:57.645648+03:00,2026-06-11T15:10:57.645648+03:00,5.65
10,3,1,55.746703,37.593053,2026-06-11T14:43:55.825921+03:00,2026-06-11T14:40:41.186236+03:00,2026-06-11T15:10:41.186236+03:00,2.89
10,4,1,55.801933,37.593097,2026-06-11T14:34:40.896886+03:00,2026-06-11T14:30:33.094683+03:00,2026-06-11T15:00:33.094683+03:00,5.99
10,5,1,55.77361,37.66725,2026-06-11T14:35:55.854376+03:00,2026-06-11T14:29:23.794217+03:00,2026-06-11T14:59:23.794217+03:00,5.1
10,6,1,55.769108,37.589208,2026-06-11T14:43:57.096181+03:00,2026-06-11T14:42:08.198032+03:00,2026-06-11T15:12:08.198032+03:00,7.17
10,7,1,55.746314,37.595532,2026-06-11T14:33:10.385039+03:00,2026-06-11T14:31:04.995429+03:00,2026-06-11T15:01:04.995429+03:00,5.73
10,8,1,55.785859,37.652116,2026-06-11T14:35:04.543520+03:00,2026-06-11T14:31:58.738292+03:00,2026-06-11T15:01:58.738292+03:00,2.28
10,9,1,55.738791,37.637878,2026-06-11T14:42:17.238411+03:00,2026-06-11T14:40:35.869054+03:00,2026-06-11T15:10:35.869054+03:00,3.21
10,10,1,55.765249,37.612928,2026-06-11T14:44:31.960451+03:00,2026-06-11T14:37:55.818203+03:00,2026-06-11T15:07:55.818203+03:00,2.0
10,11,2,55.913431,37.686095,2026-06-11T14:47:51.908556+03:00,2026-06-11T14:42:39.351926+03:00,2026-06-11T15:12:39.351926+03:00,1.37
10,12,2,55.953885,37.671043,2026-06-11T14:44:20.292637+03:00,2026-06-11T14:41:25.389735+03:00,2026-06-11T15:11:25.389735+03:00,5.31
10,13,2,55.926071,37.66205,2026-06-11T14:35:46.445409+03:00,2026-06-11T14:33:43.300668+03:00,2026-06-11T15:03:43.300668+03:00,0.83
10,14,2,55.929726,37.652364,2026-06-11T14:46:45.773625+03:00,2026-06-11T14:40:33.370877+03:00,2026-06-11T15:10:33.370877+03:00,1.63
10,15,2,55.947697,37.637361,2026-06-11T14:46:54.725961+03:00,2026-06-11T14:38:01.327057+03:00,2026-06-11T15:08:01.327057+03:00,3.6
10,16,2,55.951896,37.649134,2026-06-11T14:33:10.375395+03:00,2026-06-11T14:28:54.885371+03:00,2026-06-11T14:58:54.885371+03:00,4.42
10,17,2,55.966538,37.690494,2026-06-11T14:48:20.716724+03:00,2026-06-11T14:42:02.725292+03:00,2026-06-11T15:12:02.725292+03:00,2.27
10,18,3,55.920527,37.820888,2026-06-11T14:44:14.262099+03:00,2026-06-11T14:38:42.875129+03:00,2026-06-11T15:08:42.875129+03:00,7.25
10,19,3,55.971032,37.800616,2026-06-11T14:38:37.631840+03:00,2026-06-11T14:37:18.245803+03:00,2026-06-11T15:07:18.245803+03:00,6.18
10,20,3,55.927102,37.828231,2026-06-11T14:51:28.532467+03:00,2026-06-11T14:42:34.948391+03:00,2026-06-11T15:12:34.948391+03:00,1.45
10,21,3,55.944636,37.828583,2026-06-11T14:45:30.051611+03:00,2026-06-11T14:34:31.853921+03:00,2026-06-11T15:04:31.853921+03:00,5.2
10,22,3,55.973388,37.762847,2026-06-11T14:51:43.078835+03:00,2026-06-11T14:41:39.724037+03:00,2026-06-11T15:11:39.724037+03:00,1.0
10,23,3,55.942167,37.7754,2026-06-11T14:35:55.806666+03:00,2026-06-11T14:32:53.514125+03:00,2026-06-11T15:02:53.514125+03:00,3.94
10,24,3,55.976143,37.810427,2026-06-11T14:43:05.643063+03:00,2026-06-11T14:37:20.752136+03:00,2026-06-11T15:07:20.752136+03:00,3.65
10,25,3,55.944011,37.752976,2026-06-11T14:45:09.669796+03:00,2026-06-11T14:36:49.140720+03:00,2026-06-11T15:06:49.140720+03:00,7.55
10,26,3,55.979745,37.790279,2026-06-11T14:32:39.712683+03:00,2026-06-11T14:29:30.891399+03:00,2026-06-11T14:59:30.891399+03:00,4.52
10,27,4,55.80559,37.678752,2026-06-11T14:44:06.844242+03:00,2026-06-11T14:37:49.308904+03:00,2026-06-11T15:07:49.308904+03:00,4.05
10,28,4,55.756191,37.691247,2026-06-11T14:44:45.756530+03:00,2026-06-11T14:37:16.420040+03:00,2026-06-11T15:07:16.420040+03:00,3.51
10,29,4,55.771843,37.734086,2026-06-11T14:38:53.994423+03:00,2026-06-11T14:38:21.462379+03:00,2026-06-11T15:08:21.462379+03:00,4.06
10,30,4,55.762938,37.688499,2026-06-11T14:41:47.889833+03:00,2026-06-11T14:33:04.079473+03:00,2026-06-11T15:03:04.079473+03:00,2.83
10,31,4,55.803136,37.732221,2026-06-11T14:48:58.214608+03:00,2026-06-11T14:38:16.366824+03:00,2026-06-11T15:08:16.366824+03:00,2.21
10,32,4,55.765171,37.721915,2026-06-11T14:43:08.400898+03:00,2026-06-11T14:39:36.627810+03:00,2026-06-11T15:09:36.627810+03:00,5.97
10,33,4,55.786486,37.663015,2026-06-11T14:44:40.410590+03:00,2026-06-11T14:34:37.544938+03:00,2026-06-11T15:04:37.544938+03:00,3.55
10,34,4,55.778049,37.701465,2026-06-11T14:34:13.615030+03:00,2026-06-11T14:33:36.519189+03:00,2026-06-11T15:03:36.519189+03:00,6.44
10,35,4,55.74873,37.718841,2026-06-11T14:42:38.187471+03:00,2026-06-11T14:34:03.046627+03:00,2026-06-11T15:04:03.046627+03:00,4.43

task_id,warehouse_id,clusterization_id,cluster_id,order_id,transport_type"
